Catalog,Cabinet_section,Cabinet_label,SKU,Cabinet_color,Weight,Cost,Details,Manufacture_date,Image,Quantity,Assemble_cost
"Semi Custom","Base Cabinets","Essex Truffle 30"" 2 Drawer Base",KET-2DB30,"Essex Truffle",88.6,1115,"Essex Truffle 30"" 2 Drawer Base",,,100,20
"Semi Custom","Base Cabinets","Essex Truffle 36"" 2 Drawer Base",KET-2DB36,"Essex Truffle",93.7,1296,"Essex Truffle 36"" 2 Drawer Base",,,100,20
"Semi Custom","Wall Cabinets","Essex Truffle 30"" Angle Wall",KET-AW30,"Essex Truffle",18.3,368,"Essex Truffle 30"" Angle Wall",,,100,
"Semi Custom","Wall Cabinets","Essex Truffle 36"" Angle Wall",KET-AW36,"Essex Truffle",20.5,446,"Essex Truffle 36"" Angle Wall",,,100,
"Semi Custom","Base Cabinets","Essex Truffle 12"" Base",KET-B12,"Essex Truffle",41.5,538,"Essex Truffle 12"" Base",,,100,20
"Semi Custom","Base Cabinets","Essex Truffle 15"" Base",KET-B15,"Essex Truffle",47,576,"Essex Truffle 15"" Base",,,100,20
"Semi Custom","Base Cabinets","Essex Truffle 15"" Base w/ Soft-Close Rollouts",KET-B15SCRT,"Essex Truffle",61.6,766,"Essex Truffle 15"" Base w/ Soft-Close Rollouts",,,100,20
"Semi Custom","Base Cabinets","Essex Truffle 15"" Base w/ Soft-Close Trash",KET-B15SFTTR-DMK,"Essex Truffle",73,1414,"Essex Truffle 15"" Base w/ Soft-Close Trash",,,100,20
"Semi Custom","Base Cabinets","Essex Truffle 18"" Base w/ Charging Drawer",KET-B18CHGDR18,"Essex Truffle",64.8,2030,"Essex Truffle 18"" Base w/ Charging Drawer",,,100,20
"Semi Custom","Base Cabinets","Essex Truffle 18"" Base w/ Soft-Close Rollouts",KET-B18SCRT,"Essex Truffle",65.2,822,"Essex Truffle 18"" Base w/ Soft-Close Rollouts",,,100,20
"Semi Custom","Base Cabinets","Essex Truffle 18"" Base w/ Soft-Close Trash",KET-B18SFTTR-DMK,"Essex Truffle",74.8,1485,"Essex Truffle 18"" Base w/ Soft-Close Trash",,,100,20
"Semi Custom","Base Cabinets","Essex Truffle 18"" Base w/ Door Mounted Trash",KET-B18TR-DMK,"Essex Truffle",60.8,1054,"Essex Truffle 18"" Base w/ Door Mounted Trash",,,100,20
"Semi Custom","Base Cabinets","Essex Truffle 18"" Base w/ Trash",KET-B18TR,"Essex Truffle",59.8,976,"Essex Truffle 18"" Base w/ Trash",,,100,20
"Semi Custom","Base Cabinets","Essex Truffle 18"" Base w/ Two-Tier Cutlery Drawer",KET-B18TTCD,"Essex Truffle",54.8,1134,"Essex Truffle 18"" Base w/ Two-Tier Cutlery Drawer",,,100,20
"Semi Custom","Base Cabinets","Essex Truffle 18"" Base",KET-B18,"Essex Truffle",49.8,616,"Essex Truffle 18"" Base",,,100,20
"Semi Custom","Base Cabinets","Essex Truffle 21"" Base",KET-B21,"Essex Truffle",54.2,651,"Essex Truffle 21"" Base",,,100,20
"Semi Custom","Base Cabinets","Essex Truffle 21"" Base w/ Soft-Close Rollouts",KET-B21SCRT,"Essex Truffle",70,875,"Essex Truffle 21"" Base w/ Soft-Close Rollouts",,,100,20
"Semi Custom","Base Cabinets","Essex Truffle 24"" Base",KET-B24B,"Essex Truffle",58.7,734,"Essex Truffle 24"" Base",,,100,20
"Semi Custom","Base Cabinets","Essex Truffle 24"" Base w/ Soft-Close Rollouts",KET-B24BSCRT,"Essex Truffle",76.3,974,"Essex Truffle 24"" Base w/ Soft-Close Rollouts",,,100,20
"Semi Custom","Base Cabinets","Essex Truffle 27"" Base",KET-B27B,"Essex Truffle",64.1,774,"Essex Truffle 27"" Base",,,100,20
"Semi Custom","Base Cabinets","Essex Truffle 27"" Base w/ Soft-Close Rollouts",KET-B27BSCRT,"Essex Truffle",82.7,1030,"Essex Truffle 27"" Base w/ Soft-Close Rollouts",,,100,20
"Semi Custom","Base Cabinets","Essex Truffle 30"" Base",KET-B30B,"Essex Truffle",67.3,820,"Essex Truffle 30"" Base",,,100,20
"Semi Custom","Base Cabinets","Essex Truffle 30"" Base w/ Soft-Close Rollouts",KET-B30BSCRT,"Essex Truffle",87.1,1094,"Essex Truffle 30"" Base w/ Soft-Close Rollouts",,,100,20
"Semi Custom","Base Cabinets","Essex Truffle 33"" Base",KET-B33,"Essex Truffle",80.7,1000,"Essex Truffle 33"" Base",,,100,20
"Semi Custom","Base Cabinets","Essex Truffle 36"" Base",KET-B36,"Essex Truffle",84.8,1042,"Essex Truffle 36"" Base",,,100,20
"Semi Custom","Base Cabinets","Essex Truffle 36"" Base w/ Soft-Close Rollouts",KET-B36SCRT,"Essex Truffle",115.6,1454,"Essex Truffle 36"" Base w/ Soft-Close Rollouts",,,100,20
"Semi Custom","Base Cabinets","Essex Truffle 42"" Base",KET-B42,"Essex Truffle",91.8,1172,"Essex Truffle 42"" Base",,,100,20
"Semi Custom","Base Cabinets","Essex Truffle 42"" Base w/ Soft-Close Rollouts",KET-B42SCRT,"Essex Truffle",123.4,1620,"Essex Truffle 42"" Base w/ Soft-Close Rollouts",,,100,20
"Semi Custom","Base Cabinets","Essex Truffle 36/39"" Blind Base",KET-BBC36/39,"Essex Truffle",57.4,798,"Essex Truffle 36/39"" Blind Base",,,100,20
"Semi Custom","Base Cabinets","Essex Truffle 42/45"" Blind Base",KET-BBC42/45,"Essex Truffle",68.5,894,"Essex Truffle 42/45"" Blind Base",,,100,20
"Semi Custom","Base Cabinets","Essex Truffle 9"" Full-Height Base",KET-BF09,"Essex Truffle",28.4,373,"Essex Truffle 9"" Full-Height Base",,,100,20
"Semi Custom","Base Cabinets","Essex Truffle 9"" Full-Height Base w/ Pullout",KET-BF09PO,"Essex Truffle",40,797,"Essex Truffle 9"" Full-Height Base w/ Pullout",,,100,20
"Semi Custom","Base Cabinets","Essex Truffle 9"" Full-Height Base w/ Tray Pullout",KET-BF09TRAYDIVPO,"Essex Truffle",40,1113,"Essex Truffle 9"" Full-Height Base w/ Tray Pullout",,,100,20
"Semi Custom","Base Cabinets","Essex Truffle 18"" Desk Base",KET-BFD1821,"Essex Truffle",56.9,905,"Essex Truffle 18"" Desk Base",,,100,20
"Semi Custom","Tall Cabinets","Essex Truffle 84"" Combination Oven Cabinet",KET-COC3384,"Essex Truffle",174.16,2138,"Essex Truffle 84"" Combination Oven Cabinet",,,100,143
"Semi Custom","Tall Cabinets","Essex Truffle 90"" Combination Oven Cabinet",KET-COC3390,"Essex Truffle",186.6,2468,"Essex Truffle 90"" Combination Oven Cabinet",,,100,143
"Semi Custom","Tall Cabinets","Essex Truffle 96"" Combination Oven Cabinet",KET-COC3396,"Essex Truffle",199.1,2856,"Essex Truffle 96"" Combination Oven Cabinet",,,100,143
"Semi Custom","Base Cabinets","Essex Truffle 12"" Drawer Base",KET-DB12,"Essex Truffle",65.1,914,"Essex Truffle 12"" Drawer Base",,,100,20
"Semi Custom","Base Cabinets","Essex Truffle 15"" Drawer Base",KET-DB15,"Essex Truffle",73.4,938,"Essex Truffle 15"" Drawer Base",,,100,20
"Semi Custom","Base Cabinets","Essex Truffle 18"" Drawer Base",KET-DB18,"Essex Truffle",78.2,985,"Essex Truffle 18"" Drawer Base",,,100,20
"Semi Custom","Base Cabinets","Essex Truffle 18"" Drawer Base w/ Charging Drawer",KET-DB18CHGDR18,"Essex Truffle",93.2,2399,"Essex Truffle 18"" Drawer Base w/ Charging Drawer",,,100,20
"Semi Custom","Base Cabinets","Essex Truffle 18"" Drawer Base w/ Two-Tier Cutlery Drawer",KET-DB18TTCD,"Essex Truffle",83.2,1503,"Essex Truffle 18"" Drawer Base w/ Two-Tier Cutlery Drawer",,,100,20
"Semi Custom","Base Cabinets","Essex Truffle 36"" Diagonal Sink Base",KET-DSB36,"Essex Truffle",57,1127,"Essex Truffle 36"" Diagonal Sink Base",,,100,20
"Semi Custom","Base Cabinets","Essex Truffle 36"" Diagonal Sink Base w/ Tilt-Out Tray",KET-DSB36TLT,"Essex Truffle",60,1199,"Essex Truffle 36"" Diagonal Sink Base w/ Tilt-Out Tray",,,100,20
"Semi Custom","Base Cabinets","Essex Truffle 21"" Drawer Base",KET-DB21,"Essex Truffle",84.6,1043,"Essex Truffle 21"" Drawer Base",,,100,20
"Semi Custom","Base Cabinets","Essex Truffle 24"" Drawer Base",KET-DB24,"Essex Truffle",90.2,1110,"Essex Truffle 24"" Drawer Base",,,100,20
"Semi Custom","Base Cabinets","Essex Truffle 30"" Drawer Base",KET-DB30,"Essex Truffle",103,1286,"Essex Truffle 30"" Drawer Base",,,100,20
"Semi Custom","Base Cabinets","Essex Truffle 36"" Drawer Base",KET-DB36,"Essex Truffle",114.9,1549,"Essex Truffle 36"" Drawer Base",,,100,20
"Semi Custom","Tall Cabinets","Essex Truffle 84"" Double Oven Cabinet",KET-DOC3384,"Essex Truffle",174.16,2138,"Essex Truffle 84"" Double Oven Cabinet",,,100,143
"Semi Custom","Tall Cabinets","Essex Truffle 90"" Double Oven Cabinet",KET-DOC3390,"Essex Truffle",186.6,2468,"Essex Truffle 90"" Double Oven Cabinet",,,100,143
"Semi Custom","Tall Cabinets","Essex Truffle 96"" Double Oven Cabinet",KET-DOC3396,"Essex Truffle",199.1,2856,"Essex Truffle 96"" Double Oven Cabinet",,,100,143
"Semi Custom","Base Cabinets","Essex Truffle 30"" Farm Sink Base",KET-FSB30B,"Essex Truffle",40.3,698,"Essex Truffle 30"" Farm Sink Base",,,100,20
"Semi Custom","Base Cabinets","Essex Truffle 36"" Farm Sink Base",KET-FSB36,"Essex Truffle",45.4,731,"Essex Truffle 36"" Farm Sink Base",,,100,20
"Semi Custom","Base Cabinets","Essex Truffle 30"" Microwave Base",KET-MB30,"Essex Truffle",62.8,820,"Essex Truffle 30"" Microwave Base",,,100,20
"Semi Custom","Wall Cabinets","Essex Truffle 30""x30"" Microwave Wall",KET-MW3030B,"Essex Truffle",46.3,737,"Essex Truffle 30""x30"" Microwave Wall",,,100,14
"Semi Custom","Wall Cabinets","Essex Truffle 30""x36"" Microwave Wall",KET-MW3036B,"Essex Truffle",52.5,863,"Essex Truffle 30""x36"" Microwave Wall",,,100,14
"Semi Custom","Wall Cabinets","Essex Truffle 30""x42"" Microwave Wall",KET-MW3042B,"Essex Truffle",64.2,1003,"Essex Truffle 30""x42"" Microwave Wall",,,100,14
"Semi Custom","Base Cabinets","Essex Truffle 24"" Sink Base",KET-SB24B,"Essex Truffle",58.7,589,"Essex Truffle 24"" Sink Base",,,100,20
"Semi Custom","Base Cabinets","Essex Truffle 27"" Sink Base",KET-SB27B,"Essex Truffle",64.1,596,"Essex Truffle 27"" Sink Base",,,100,20
"Semi Custom","Base Cabinets","Essex Truffle 30"" Sink Base w/ Tilt-Out Tray",KET-SB30BTLT,"Essex Truffle",45.4,707,"Essex Truffle 30"" Sink Base w/ Tilt-Out Tray",,,100,20
"Semi Custom","Base Cabinets","Essex Truffle 30"" Sink Base",KET-SB30B,"Essex Truffle",41.4,602,"Essex Truffle 30"" Sink Base",,,100,20
"Semi Custom","Base Cabinets","Essex Truffle 33"" Sink Base w/ Tilt-Out Trays",KET-SB33TLT2,"Essex Truffle",51.6,791,"Essex Truffle 33"" Sink Base w/ Tilt-Out Trays",,,100,20
"Semi Custom","Base Cabinets","Essex Truffle 33"" Sink Base",KET-SB33,"Essex Truffle",45.6,659,"Essex Truffle 33"" Sink Base",,,100,20
"Semi Custom","Base Cabinets","Essex Truffle 36"" Sink Base w/ Tilt-Out Trays",KET-SB36TLT2,"Essex Truffle",53.4,817,"Essex Truffle 36"" Sink Base w/ Tilt-Out Trays",,,100,20
"Semi Custom","Base Cabinets","Essex Truffle 36"" Sink Base",KET-SB36,"Essex Truffle",47.4,673,"Essex Truffle 36"" Sink Base",,,100,20
"Semi Custom","Base Cabinets","Essex Truffle 42"" Sink Base",KET-SB42,"Essex Truffle",53.6,758,"Essex Truffle 42"" Sink Base",,,100,20
"Semi Custom","Wall Cabinets","Essex Truffle 9""x30"" Wall",KET-W0930,"Essex Truffle",20.5,238,"Essex Truffle 9""x30"" Wall",,,100,14
"Semi Custom","Wall Cabinets","Essex Truffle 9""x36"" Wall",KET-W0936,"Essex Truffle",22.7,268,"Essex Truffle 9""x36"" Wall",,,100,14
"Semi Custom","Wall Cabinets","Essex Truffle 9""x42"" Wall",KET-W0942,"Essex Truffle",26.2,297,"Essex Truffle 9""x42"" Wall",,,100,14
"Semi Custom","Wall Cabinets","Essex Truffle 12""x30"" Wall",KET-W1230,"Essex Truffle",23.1,268,"Essex Truffle 12""x30"" Wall",,,100,14
"Semi Custom","Wall Cabinets","Essex Truffle 12""x36"" Wall",KET-W1236,"Essex Truffle",26,309,"Essex Truffle 12""x36"" Wall",,,100,14
"Semi Custom","Wall Cabinets","Essex Truffle 12""x42"" Wall",KET-W1242,"Essex Truffle",32,342,"Essex Truffle 12""x42"" Wall",,,100,14
"Semi Custom","Wall Cabinets","Essex Truffle 15""x30"" Wall",KET-W1530,"Essex Truffle",27.3,309,"Essex Truffle 15""x30"" Wall",,,100,14
"Semi Custom","Wall Cabinets","Essex Truffle 15""x36"" Wall",KET-W1536,"Essex Truffle",29.5,361,"Essex Truffle 15""x36"" Wall",,,100,14
"Semi Custom","Wall Cabinets","Essex Truffle 15""x42"" Wall",KET-W1542,"Essex Truffle",35.1,395,"Essex Truffle 15""x42"" Wall",,,100,14
"Semi Custom","Wall Cabinets","Essex Truffle 18""x30"" Wall",KET-W1830,"Essex Truffle",31.1,348,"Essex Truffle 18""x30"" Wall",,,100,14
"Semi Custom","Wall Cabinets","Essex Truffle 18""x36"" Wall",KET-W1836,"Essex Truffle",34.6,407,"Essex Truffle 18""x36"" Wall",,,100,14
"Semi Custom","Wall Cabinets","Essex Truffle 18""x42"" Wall",KET-W1842,"Essex Truffle",39.7,446,"Essex Truffle 18""x42"" Wall",,,100,14
"Semi Custom","Wall Cabinets","Essex Truffle 21""x30"" Wall",KET-W2130,"Essex Truffle",34.2,392,"Essex Truffle 21""x30"" Wall",,,100,14
"Semi Custom","Wall Cabinets","Essex Truffle 21""x36"" Wall",KET-W2136,"Essex Truffle",37.9,459,"Essex Truffle 21""x36"" Wall",,,100,14
"Semi Custom","Wall Cabinets","Essex Truffle 21""x42"" Wall",KET-W2142,"Essex Truffle",45.2,505,"Essex Truffle 21""x42"" Wall",,,100,14
"Semi Custom","Wall Cabinets","Essex Truffle 24""x15"" Wall",KET-W2415B,"Essex Truffle",20.7,255,"Essex Truffle 24""x15"" Wall",,,100,14
"Semi Custom","Wall Cabinets","Essex Truffle 24""x30"" Wall",KET-W2430B,"Essex Truffle",38.8,459,"Essex Truffle 24""x30"" Wall",,,100,14
"Semi Custom","Wall Cabinets","Essex Truffle 24""x36"" Wall",KET-W2436B,"Essex Truffle",43.9,539,"Essex Truffle 24""x36"" Wall",,,100,14
"Semi Custom","Wall Cabinets","Essex Truffle 24""x42"" Wall",KET-W2442B,"Essex Truffle",52.2,591,"Essex Truffle 24""x42"" Wall",,,100,14
"Semi Custom","Wall Cabinets","Essex Truffle 27""x30"" Wall",KET-W2730B,"Essex Truffle",42.1,494,"Essex Truffle 27""x30"" Wall",,,100,14
"Semi Custom","Wall Cabinets","Essex Truffle 27""x36"" Wall",KET-W2736B,"Essex Truffle",48.1,586,"Essex Truffle 27""x36"" Wall",,,100,14
"Semi Custom","Wall Cabinets","Essex Truffle 27""x42"" Wall",KET-W2742B,"Essex Truffle",56.7,645,"Essex Truffle 27""x42"" Wall",,,100,14
"Semi Custom","Wall Cabinets","Essex Truffle 30""x12"" Wall",KET-W3012B,"Essex Truffle",21.6,276,"Essex Truffle 30""x12"" Wall",,,100,14
"Semi Custom","Wall Cabinets","Essex Truffle 30""x15"" Wall",KET-W3015B,"Essex Truffle",24,302,"Essex Truffle 30""x15"" Wall",,,100,14
"Semi Custom","Wall Cabinets","Essex Truffle 30""x18"" Wall",KET-W3018B,"Essex Truffle",26.9,336,"Essex Truffle 30""x18"" Wall",,,100,14
"Semi Custom","Wall Cabinets","Essex Truffle 30""x24"" Wall",KET-W3024B,"Essex Truffle",36.8,441,"Essex Truffle 30""x24"" Wall",,,100,14
"Semi Custom","Wall Cabinets","Essex Truffle 30""x30"" Wall",KET-W3030B,"Essex Truffle",46.7,537,"Essex Truffle 30""x30"" Wall",,,100,14
"Semi Custom","Wall Cabinets","Essex Truffle 30""x36"" Wall",KET-W3036B,"Essex Truffle",50.7,638,"Essex Truffle 30""x36"" Wall",,,100,14
"Semi Custom","Wall Cabinets","Essex Truffle 30""x42"" Wall",KET-W3042B,"Essex Truffle",60.8,696,"Essex Truffle 30""x42"" Wall",,,100,14
"Semi Custom","Wall Cabinets","Essex Truffle 33""x15"" Wall",KET-W3315,"Essex Truffle",26.2,321,"Essex Truffle 33""x15"" Wall",,,100,14
"Semi Custom","Wall Cabinets","Essex Truffle 33""x18"" Wall",KET-W3318,"Essex Truffle",29.1,361,"Essex Truffle 33""x18"" Wall",,,100,14
"Semi Custom","Wall Cabinets","Essex Truffle 33""x30"" Wall",KET-W3330,"Essex Truffle",50.3,570,"Essex Truffle 33""x30"" Wall",,,100,14
"Semi Custom","Wall Cabinets","Essex Truffle 33""x36"" Wall",KET-W3336,"Essex Truffle",55.8,684,"Essex Truffle 33""x36"" Wall",,,100,14
"Semi Custom","Wall Cabinets","Essex Truffle 33""x42"" Wall",KET-W3342,"Essex Truffle",66.8,755,"Essex Truffle 33""x42"" Wall",,,100,14
"Semi Custom","Wall Cabinets","Essex Truffle 36""x12"" Wall",KET-W3612,"Essex Truffle",25.6,309,"Essex Truffle 36""x12"" Wall",,,100,14
"Semi Custom","Wall Cabinets","Essex Truffle 36""x12""x24"" Wall",KET-W361224,"Essex Truffle",36.8,501,"Essex Truffle 36""x12""x24"" Wall",,,100,14
"Semi Custom","Wall Cabinets","Essex Truffle 36""x15"" Wall",KET-W3615,"Essex Truffle",29.3,348,"Essex Truffle 36""x15"" Wall",,,100,14
"Semi Custom","Wall Cabinets","Essex Truffle 36""x15""x24"" Wall",KET-W361524,"Essex Truffle",38.4,517,"Essex Truffle 36""x15""x24"" Wall",,,100,14
"Semi Custom","Wall Cabinets","Essex Truffle 36""x18"" Wall",KET-W3618,"Essex Truffle",32,388,"Essex Truffle 36""x18"" Wall",,,100,14
"Semi Custom","Wall Cabinets","Essex Truffle 36""x18""x24"" Wall",KET-W361824,"Essex Truffle",43.7,530,"Essex Truffle 36""x18""x24"" Wall",,,100,14
"Semi Custom","Wall Cabinets","Essex Truffle 36""x18""x24"" Wall w/ Appliance Pullout",KET-W361824APPULL,"Essex Truffle",68.7,1907,"Essex Truffle 36""x18""x24"" Wall w/ Appliance Pullout",,,100,14
"Semi Custom","Wall Cabinets","Essex Truffle 36""x24""x24"" Wall w/ Appliance Pullout",KET-W362424APPULL,"Essex Truffle",85.6,2048,"Essex Truffle 36""x24""x24"" Wall w/ Appliance Pullout",,,100,14
"Semi Custom","Wall Cabinets","Essex Truffle 36""x24"" Wall",KET-W3624,"Essex Truffle",42.8,500,"Essex Truffle 36""x24"" Wall",,,100,14
"Semi Custom","Wall Cabinets","Essex Truffle 36""x24""x24"" Wall",KET-W362424,"Essex Truffle",60.6,677,"Essex Truffle 36""x24""x24"" Wall",,,100,14
"Semi Custom","Wall Cabinets","Essex Truffle 36""x30"" Wall",KET-W3630,"Essex Truffle",54.5,618,"Essex Truffle 36""x30"" Wall",,,100,14
"Semi Custom","Wall Cabinets","Essex Truffle 36""x36"" Wall",KET-W3636,"Essex Truffle",60.8,736,"Essex Truffle 36""x36"" Wall",,,100,14
"Semi Custom","Wall Cabinets","Essex Truffle 36""x42"" Wall",KET-W3642,"Essex Truffle",71.4,807,"Essex Truffle 36""x42"" Wall",,,100,14
"Semi Custom","Wall Cabinets","Essex Truffle 39""x12""x24"" Wall",KET-W391224,"Essex Truffle",36.8,566,"Essex Truffle 39""x12""x24"" Wall",,,100,14
"Semi Custom","Wall Cabinets","Essex Truffle 39""x15""x24"" Wall",KET-W391524,"Essex Truffle",40.6,587,"Essex Truffle 39""x15""x24"" Wall",,,100,14
"Semi Custom","Wall Cabinets","Essex Truffle 39""x18""24"" Wall",KET-W391824,"Essex Truffle",48.1,604,"Essex Truffle 39""x18""24"" Wall",,,100,14
"Semi Custom","Wall Cabinets","Essex Truffle 42""x30"" Wall",KET-W4230,"Essex Truffle",62.4,730,"Essex Truffle 42""x30"" Wall",,,100,14
"Semi Custom","Wall Cabinets","Essex Truffle 42""x36"" Wall",KET-W4236,"Essex Truffle",69.9,845,"Essex Truffle 42""x36"" Wall",,,100,14
"Semi Custom","Wall Cabinets","Essex Truffle 42""x42"" Wall",KET-W4242,"Essex Truffle",83.3,945,"Essex Truffle 42""x42"" Wall",,,100,14
"Semi Custom","Wall Cabinets","Essex Truffle 27""x30"" Blind Wall",KET-WBC2730,"Essex Truffle",41.2,460,"Essex Truffle 27""x30"" Blind Wall",,,100,14
"Semi Custom","Wall Cabinets","Essex Truffle 24""x30"" Diagonal Wall",KET-WDC2430,"Essex Truffle",46.3,611,"Essex Truffle 24""x30"" Diagonal Wall",,,100,14
"Semi Custom","Wall Cabinets","Essex Truffle 24""x36"" Diagonal Wall",KET-WDC2436,"Essex Truffle",50.7,721,"Essex Truffle 24""x36"" Diagonal Wall",,,100,14
"Semi Custom","Wall Cabinets","Essex Truffle 24""x42"" Diagonal Wall",KET-WDC2442,"Essex Truffle",62.6,789,"Essex Truffle 24""x42"" Diagonal Wall",,,100,14
"Semi Custom","Wall Cabinets","Essex Truffle 27""x36"" Diagonal Wall",KET-WDC2736,"Essex Truffle",62.6,834,"Essex Truffle 27""x36"" Diagonal Wall",,,100,14
"Semi Custom","Wall Cabinets","Essex Truffle 27""x42"" Diagonal Wall",KET-WDC2742,"Essex Truffle",74.3,967,"Essex Truffle 27""x42"" Diagonal Wall",,,100,14
"Semi Custom",Accessories,"Essex Truffle 18""x84"" Pantry",KET-WP1884,"Essex Truffle",101.4,1175,"Essex Truffle 18""x84"" Pantry",,,100,28
"Semi Custom",Accessories,"Essex Truffle 18""x90"" Pantry",KET-WP1890,"Essex Truffle",107.8,1280,"Essex Truffle 18""x90"" Pantry",,,100,28
"Semi Custom",Accessories,"Essex Truffle 18""x84"" Pantry w/ Soft-Close Rollouts",KET-WP1884SCRT,"Essex Truffle",132.2,1587,"Essex Truffle 18""x84"" Pantry w/ Soft-Close Rollouts",,,100,28
"Semi Custom",Accessories,"Essex Truffle 18""x96"" Pantry w/ Soft-Close Rollouts",KET-WP1896SCRT,"Essex Truffle",146.8,1759,"Essex Truffle 18""x96"" Pantry w/ Soft-Close Rollouts",,,100,28
"Semi Custom",Accessories,"Essex Truffle 18""x90"" Pantry w/ Soft-Close Rollouts",KET-WP1890SCRT,"Essex Truffle",138.6,1692,"Essex Truffle 18""x90"" Pantry w/ Soft-Close Rollouts",,,100,28
"Semi Custom",Accessories,"Essex Truffle 18""x96"" Pantry",KET-WP1896,"Essex Truffle",116,1347,"Essex Truffle 18""x96"" Pantry",,,100,28
"Semi Custom",Accessories,"Essex Truffle 24""x84"" Pantry",KET-WP2484B,"Essex Truffle",127.6,1347,"Essex Truffle 24""x84"" Pantry",,,100,28
"Semi Custom",Accessories,"Essex Truffle 24""x84"" Pantry w/ Soft-Close Rollouts",KET-WP2484BSCRT,"Essex Truffle",162.8,1827,"Essex Truffle 24""x84"" Pantry w/ Soft-Close Rollouts",,,100,28
"Semi Custom",Accessories,"Essex Truffle 24""x90"" Pantry",KET-WP2490B,"Essex Truffle",132.5,1516,"Essex Truffle 24""x90"" Pantry",,,100,28
"Semi Custom",Accessories,"Essex Truffle 24""x90"" Pantry w/ Soft-Close Rollouts",KET-WP2490BSCRT,"Essex Truffle",167.7,1996,"Essex Truffle 24""x90"" Pantry w/ Soft-Close Rollouts",,,100,28
"Semi Custom",Accessories,"Essex Truffle 24""x96"" Pantry",KET-WP2496B,"Essex Truffle",147.5,1615,"Essex Truffle 24""x96"" Pantry",,,100,28
"Semi Custom",Accessories,"Essex Truffle 30""x84"" Pantry",KET-WP3084B,"Essex Truffle",145.1,1577,"Essex Truffle 30""x84"" Pantry",,,100,28
"Semi Custom",Accessories,"Essex Truffle 30""x84"" Pantry w/ Soft-Close Rollouts",KET-WP3084BSCRT,"Essex Truffle",184.7,2125,"Essex Truffle 30""x84"" Pantry w/ Soft-Close Rollouts",,,100,28
"Semi Custom",Accessories,"Essex Truffle 30""x90"" Pantry",KET-WP3090B,"Essex Truffle",150.1,1884,"Essex Truffle 30""x90"" Pantry",,,100,28
"Semi Custom",Accessories,"Essex Truffle 30""x90"" Pantry w/ Soft-Close Rollouts",KET-WP3090BSCRT,"Essex Truffle",189.7,2432,"Essex Truffle 30""x90"" Pantry w/ Soft-Close Rollouts",,,100,28
"Semi Custom",Accessories,"Essex Truffle 30""x96"" Pantry",KET-WP3096B,"Essex Truffle",165.1,2109,"Essex Truffle 30""x96"" Pantry",,,100,28
"Semi Custom",Accessories,"Essex Truffle 30""x96"" Pantry w/ Soft-Close Rollouts",KET-WP3096BSCRT,"Essex Truffle",204.7,2657,"Essex Truffle 30""x96"" Pantry w/ Soft-Close Rollouts",,,100,28
"Semi Custom","Wall Cabinets","Essex Truffle 12""x12"" Wall",KET-W1212,"Essex Truffle",10.8,242,"Essex Truffle 12""x12"" Wall",,,100,14
"Semi Custom","Wall Cabinets","Essex Truffle 15""x12"" Wall",KET-W1512,"Essex Truffle",12,247,"Essex Truffle 15""x12"" Wall",,,100,14
"Semi Custom","Wall Cabinets","Essex Truffle 18""x12"" Wall",KET-W1812,"Essex Truffle",13.6,252,"Essex Truffle 18""x12"" Wall",,,100,14
"Semi Custom","Wall Cabinets","Essex Truffle 21""x12"" Wall",KET-W2112,"Essex Truffle",16.9,257,"Essex Truffle 21""x12"" Wall",,,100,14
"Semi Custom","Wall Cabinets","Essex Truffle 24""x12"" Wall",KET-W2412B,"Essex Truffle",19,264,"Essex Truffle 24""x12"" Wall",,,100,14
"Semi Custom","Wall Cabinets","Essex Truffle 27""x12"" Wall",KET-W2712B,"Essex Truffle",20.8,270,"Essex Truffle 27""x12"" Wall",,,100,14
"Semi Custom","Wall Cabinets","Essex Truffle 33""x12"" Wall",KET-W3312,"Essex Truffle",23.5,293,"Essex Truffle 33""x12"" Wall",,,100,14
"Semi Custom","Wall Cabinets","Essex Truffle 12""x15"" Wall",KET-W1215,"Essex Truffle",12,247,"Essex Truffle 12""x15"" Wall",,,100,14
"Semi Custom","Wall Cabinets","Essex Truffle 15""x15"" Wall",KET-W1515,"Essex Truffle",13.8,256,"Essex Truffle 15""x15"" Wall",,,100,14
"Semi Custom","Wall Cabinets","Essex Truffle 18""x15"" Wall",KET-W1815,"Essex Truffle",15.7,264,"Essex Truffle 18""x15"" Wall",,,100,14
"Semi Custom","Wall Cabinets","Essex Truffle 21""x15"" Wall",KET-W2115,"Essex Truffle",18.2,273,"Essex Truffle 21""x15"" Wall",,,100,14
"Semi Custom","Wall Cabinets","Essex Truffle 27""x15"" Wall",KET-W2715B,"Essex Truffle",22.7,293,"Essex Truffle 27""x15"" Wall",,,100,14
"Semi Custom","Wall Cabinets","Essex Truffle 12""x18"" Wall",KET-W1218,"Essex Truffle",13.6,252,"Essex Truffle 12""x18"" Wall",,,100,14
"Semi Custom","Wall Cabinets","Essex Truffle 15""x18"" Wall",KET-W1518,"Essex Truffle",14.7,264,"Essex Truffle 15""x18"" Wall",,,100,14
"Semi Custom","Wall Cabinets","Essex Truffle 18""x18"" Wall",KET-W1818,"Essex Truffle",16,278,"Essex Truffle 18""x18"" Wall",,,100,14
"Semi Custom","Wall Cabinets","Essex Truffle 21""x18"" Wall",KET-W2118,"Essex Truffle",19.4,289,"Essex Truffle 21""x18"" Wall",,,100,14
"Semi Custom","Wall Cabinets","Essex Truffle 24""x18"" Wall",KET-W2418B,"Essex Truffle",22,301,"Essex Truffle 24""x18"" Wall",,,100,14
"Semi Custom","Wall Cabinets","Essex Truffle 27""x18"" Wall",KET-W2718B,"Essex Truffle",25.1,313,"Essex Truffle 27""x18"" Wall",,,100,14
"Semi Custom","Wall Cabinets","Essex Truffle 24""x12"" Diagonal Wall",KET-WDC2412,"Essex Truffle",23.8,426,"Essex Truffle 24""x12"" Diagonal Wall",,,100,14
"Semi Custom","Wall Cabinets","Essex Truffle 24""x15"" Diagonal Wall",KET-WDC2415,"Essex Truffle",26.6,460,"Essex Truffle 24""x15"" Diagonal Wall",,,100,14
"Semi Custom","Wall Cabinets","Essex Truffle 24""x18"" Diagonal Wall",KET-WDC2418,"Essex Truffle",29.3,494,"Essex Truffle 24""x18"" Diagonal Wall",,,100,14
"Semi Custom","Wall Cabinets","Essex Truffle 24""x30"" Square Corner Wall",KET-SCW2430,"Essex Truffle",51.1,765,"Essex Truffle 24""x30"" Square Corner Wall",,,100,14
"Semi Custom","Wall Cabinets","Essex Truffle 24""x36"" Square Corner Wall",KET-SCW2436,"Essex Truffle",56.2,903,"Essex Truffle 24""x36"" Square Corner Wall",,,100,14
"Semi Custom","Wall Cabinets","Essex Truffle 24""x42"" Square Corner Wall",KET-SCW2442,"Essex Truffle",65.9,986,"Essex Truffle 24""x42"" Square Corner Wall",,,100,14
"Semi Custom",Accessories,"Essex Truffle 3"" Turned Post",KET-TP3,"Essex Truffle",6.4,341,"Essex Truffle 3"" Turned Post",,,100,
"Semi Custom",Accessories,"Essex Truffle 3"" Contemporary Turned Post",KET-CTP3,"Essex Truffle",6.5,431,"Essex Truffle 3"" Contemporary Turned Post",,,100,
"Semi Custom",Accessories,"Essex Truffle 3"" Square Post",KET-SP3,"Essex Truffle",7.9,328,"Essex Truffle 3"" Square Post",,,100,
"Semi Custom","Wall Cabinets","Essex Truffle 42"" Angle Wall",KET-AW42,"Essex Truffle",23.8,520,"Essex Truffle 42"" Angle Wall",,,100,
"Semi Custom","Base Cabinets","Essex Truffle 24"" Angle Base",KET-AB24,"Essex Truffle",46.1,889,"Essex Truffle 24"" Angle Base",,,100,20
"Semi Custom","Base Cabinets","Essex Truffle 12"" Transition Base",KET-TB12,"Essex Truffle",32.6,536,"Essex Truffle 12"" Transition Base",,,100,20
"Semi Custom",Accessories,"Essex Truffle 30"" Desk Drawer",KET-DU3021,"Essex Truffle",18.3,254,"Essex Truffle 30"" Desk Drawer",,,100,
"Semi Custom",Accessories,"Essex Truffle 24""x96"" Pantry w/ Soft-Close Rollouts",KET-WP2496BSCRT,"Essex Truffle",182.7,2095,"Essex Truffle 24""x96"" Pantry w/ Soft-Close Rollouts",,,100,28
"Semi Custom",Accessories,"Essex Truffle 18""x84"" Pantry w/ Pullout",KET-WP1884PO,"Essex Truffle",131.4,4150,"Essex Truffle 18""x84"" Pantry w/ Pullout",,,100,28
"Semi Custom",Accessories,"Essex Truffle 18""x90"" Pantry w/ Pullout",KET-WP1890PO,"Essex Truffle",137.8,4255,"Essex Truffle 18""x90"" Pantry w/ Pullout",,,100,28
"Semi Custom",Accessories,"Essex Truffle 18""x96"" Pantry w/ Pullout",KET-WP1896PO,"Essex Truffle",146,4322,"Essex Truffle 18""x96"" Pantry w/ Pullout",,,100,28
"Semi Custom","Tall Cabinets","Essex Truffle 84"" Oven Cabinet",KET-OC3384,"Essex Truffle",181.4,2138,"Essex Truffle 84"" Oven Cabinet",,,100,28
"Semi Custom","Tall Cabinets","Essex Truffle 90"" Oven Cabinet",KET-OC3390,"Essex Truffle",193.8,2468,"Essex Truffle 90"" Oven Cabinet",,,100,28
"Semi Custom","Tall Cabinets","Essex Truffle 96"" Oven Cabinet",KET-OC3396,"Essex Truffle",212.9,2856,"Essex Truffle 96"" Oven Cabinet",,,100,28
"Semi Custom",Panels,"Essex Truffle 48""x96""x1/4"" Panel",KET-PQTR,"Essex Truffle",20.3,344,"Essex Truffle 48""x96""x1/4"" Panel",,,100,0
"Semi Custom",Panels,"Essex Truffle 48""x96""x1/2"" Panel",KET-PHLF,"Essex Truffle",45.7,610,"Essex Truffle 48""x96""x1/2"" Panel",,,100,0
"Semi Custom",Panels,"Essex Truffle 48""x96""x1/4"" Beadboard Panel",KET-BBPQTR,"Essex Truffle",20.3,344,"Essex Truffle 48""x96""x1/4"" Beadboard Panel",,,100,0
"Semi Custom",Moldings,"Essex Truffle 96"" Traditional Crown Moulding",KET-CM8-T,"Essex Truffle",2.8,130,"Essex Truffle 96"" Traditional Crown Moulding",,,100,0
"Semi Custom",Moldings,"Essex Truffle 96"" Shaker Crown Moulding",KET-CM8-S,"Essex Truffle",4.6,130,"Essex Truffle 96"" Shaker Crown Moulding",,,100,0
"Semi Custom",Moldings,"Essex Truffle 1 3/4""x96"" Cove Crown Moulding",KET-CCM8-2,"Essex Truffle",3.9,152,"Essex Truffle 1 3/4""x96"" Cove Crown Moulding",,,100,0
"Semi Custom",Moldings,"Essex Truffle 2 3/4""x96"" Cove Crown Moulding",KET-CCM8,"Essex Truffle",4.6,160,"Essex Truffle 2 3/4""x96"" Cove Crown Moulding",,,100,0
"Semi Custom",Moldings,"Essex Truffle 3 3/4""x96"" Cove Crown Moulding",KET-CCM8-4,"Essex Truffle",6.1,176,"Essex Truffle 3 3/4""x96"" Cove Crown Moulding",,,100,0
"Semi Custom",Moldings,"Essex Truffle 3 1/2""x96"" Large Crown Moulding",KET-LCM8,"Essex Truffle",5.3,226,"Essex Truffle 3 1/2""x96"" Large Crown Moulding",,,100,0
"Semi Custom",Moldings,"Essex Truffle 96"" Traditional Light Rail Moulding",KET-LRM8-T,"Essex Truffle",2.5,191,"Essex Truffle 96"" Traditional Light Rail Moulding",,,100,0
"Semi Custom",Moldings,"Essex Truffle 96"" Shaker Light Rail Moulding",KET-LRM8-S,"Essex Truffle",2,191,"Essex Truffle 96"" Shaker Light Rail Moulding",,,100,0
"Semi Custom",Moldings,"Essex Truffle 96"" Scribe Moulding",KET-SM8,"Essex Truffle",0.3,32,"Essex Truffle 96"" Scribe Moulding",,,100,0
"Semi Custom",Moldings,"Essex Truffle 96"" Batten Moulding",KET-BTM8,"Essex Truffle",4,35,"Essex Truffle 96"" Batten Moulding",,,100,0
"Semi Custom",Moldings,"Essex Truffle 96"" Outside Corner Moulding",KET-OM8,"Essex Truffle",1,82,"Essex Truffle 96"" Outside Corner Moulding",,,100,0
"Semi Custom",Moldings,"Essex Truffle 96"" Inside Corner Moulding",KET-ICM8,"Essex Truffle",0.6,72,"Essex Truffle 96"" Inside Corner Moulding",,,100,0
"Semi Custom",Moldings,"Essex Truffle 96"" Shoe Moulding",KET-SHM8,"Essex Truffle",0.7,38,"Essex Truffle 96"" Shoe Moulding",,,100,0
"Semi Custom",Moldings,"Essex Truffle 96"" Traditional Furniture Base Moulding",KET-FBM8-T,"Essex Truffle",6,210,"Essex Truffle 96"" Traditional Furniture Base Moulding",,,100,0
"Semi Custom",Moldings,"Essex Truffle 96"" Shaker Furniture Base Moulding",KET-FBM8-S,"Essex Truffle",6,210,"Essex Truffle 96"" Shaker Furniture Base Moulding",,,100,0
"Semi Custom",Moldings,"Essex Truffle 96"" Toe Kick",KET-TK8,"Essex Truffle",4,58,"Essex Truffle 96"" Toe Kick",,,100,0
"Semi Custom",Panels,"Essex Truffle 24""x84"" w/ 1 1/2"" Stile Refrigerator Panel",KET-REF84,"Essex Truffle",23.3,439,"Essex Truffle 24""x84"" w/ 1 1/2"" Stile Refrigerator Panel",,,100,0
"Semi Custom",Panels,"Essex Truffle 24""x96"" w/ 1 1/2"" Stile Refrigerator Panel",KET-REF96,"Essex Truffle",26.1,550,"Essex Truffle 24""x96"" w/ 1 1/2"" Stile Refrigerator Panel",,,100,0
"Semi Custom",Panels,"Essex Truffle 30""x96""x3/4"" Refrigerator Panel",KET-REF3096,"Essex Truffle",42.1,535,"Essex Truffle 30""x96""x3/4"" Refrigerator Panel",,,100,0
"Semi Custom","Base Cabinets","Essex Truffle 18"" Base w/ Cutlery Tray",KET-B18CTRY,"Essex Truffle",51.8,741,"Essex Truffle 18"" Base w/ Cutlery Tray",,,100,20
"Semi Custom","Base Cabinets","Essex Truffle 15"" Base w/ Cutlery Tray",KET-B15CTRY,"Essex Truffle",49,701,"Essex Truffle 15"" Base w/ Cutlery Tray",,,100,20
"Semi Custom","Base Cabinets","Essex Truffle 12"" Base w/ Cutlery Tray",KET-B12CTRY,"Essex Truffle",43.5,663,"Essex Truffle 12"" Base w/ Cutlery Tray",,,100,20
"Semi Custom","Base Cabinets","Essex Truffle 18"" Drawer Base w/ Cutlery Tray",KET-DB18CTRY,"Essex Truffle",80.2,1110,"Essex Truffle 18"" Drawer Base w/ Cutlery Tray",,,100,20
"Semi Custom","Base Cabinets","Essex Truffle 15"" Drawer Base w/ Cutlery Tray",KET-DB15CTRY,"Essex Truffle",75.4,1063,"Essex Truffle 15"" Drawer Base w/ Cutlery Tray",,,100,20
"Semi Custom","Base Cabinets","Essex Truffle 12"" Drawer Base w/ Cutlery Tray",KET-DB12CTRY,"Essex Truffle",67.1,1039,"Essex Truffle 12"" Drawer Base w/ Cutlery Tray",,,100,20
"Semi Custom","Base Cabinets","Essex Truffle 12"" Base w/ Utensil Tray",KET-B12UTRY,"Essex Truffle",44.5,735,"Essex Truffle 12"" Base w/ Utensil Tray",,,100,20
"Semi Custom","Base Cabinets","Essex Truffle 15"" Base w/ Utensil Tray",KET-B15UTRY,"Essex Truffle",50,773,"Essex Truffle 15"" Base w/ Utensil Tray",,,100,20
"Semi Custom","Base Cabinets","Essex Truffle 18"" Base w/ Utensil Tray",KET-B18UTRY,"Essex Truffle",52.8,813,"Essex Truffle 18"" Base w/ Utensil Tray",,,100,20
"Semi Custom","Base Cabinets","Essex Truffle 21"" Base w/ Utensil Tray",KET-B21UTRY,"Essex Truffle",57.2,848,"Essex Truffle 21"" Base w/ Utensil Tray",,,100,20
"Semi Custom","Base Cabinets","Essex Truffle 24"" Base w/ Utensil Tray",KET-B24BUTRY,"Essex Truffle",61.7,931,"Essex Truffle 24"" Base w/ Utensil Tray",,,100,20
"Semi Custom","Base Cabinets","Essex Truffle 27"" Base w/ Utensil Tray",KET-B27BUTRY,"Essex Truffle",67.1,971,"Essex Truffle 27"" Base w/ Utensil Tray",,,100,20
"Semi Custom","Base Cabinets","Essex Truffle 12"" Drawer Base w/ Utensil Tray",KET-DB12UTRY,"Essex Truffle",68.1,1111,"Essex Truffle 12"" Drawer Base w/ Utensil Tray",,,100,20
"Semi Custom","Base Cabinets","Essex Truffle 15"" Drawer Base w/ Utensil Tray",KET-DB15UTRY,"Essex Truffle",76.4,1135,"Essex Truffle 15"" Drawer Base w/ Utensil Tray",,,100,20
"Semi Custom","Base Cabinets","Essex Truffle 18"" Drawer Base w/ Utensil Tray",KET-DB18UTRY,"Essex Truffle",81.2,1182,"Essex Truffle 18"" Drawer Base w/ Utensil Tray",,,100,20
"Semi Custom","Base Cabinets","Essex Truffle 21"" Drawer Base w/ Utensil Tray",KET-DB21UTRY,"Essex Truffle",87.6,1240,"Essex Truffle 21"" Drawer Base w/ Utensil Tray",,,100,20
"Semi Custom","Base Cabinets","Essex Truffle 24"" Drawer Base w/ Utensil Tray",KET-DB24UTRY,"Essex Truffle",93.2,1307,"Essex Truffle 24"" Drawer Base w/ Utensil Tray",,,100,20
"Semi Custom","Base Cabinets","Essex Truffle 12"" Base w/ Spice Tray",KET-B12STRY,"Essex Truffle",43.5,780,"Essex Truffle 12"" Base w/ Spice Tray",,,100,20
"Semi Custom","Base Cabinets","Essex Truffle 15"" Base w/ Spice Tray",KET-B15STRY,"Essex Truffle",49,818,"Essex Truffle 15"" Base w/ Spice Tray",,,100,20
"Semi Custom","Base Cabinets","Essex Truffle 18"" Base w/ Spice Tray",KET-B18STRY,"Essex Truffle",51.8,858,"Essex Truffle 18"" Base w/ Spice Tray",,,100,20
"Semi Custom","Base Cabinets","Essex Truffle 21"" Base w/ Spice Tray",KET-B21STRY,"Essex Truffle",57.3,893,"Essex Truffle 21"" Base w/ Spice Tray",,,100,20
"Semi Custom","Base Cabinets","Essex Truffle 12"" Drawer Base w/ Peg System",KET-DB12PS39,"Essex Truffle",68.1,1306,"Essex Truffle 12"" Drawer Base w/ Peg System",,,100,20
"Semi Custom","Base Cabinets","Essex Truffle 15"" Drawer Base w/ Peg System",KET-DB15PS39,"Essex Truffle",76.4,1330,"Essex Truffle 15"" Drawer Base w/ Peg System",,,100,20
"Semi Custom","Base Cabinets","Essex Truffle 18"" Drawer Base w/ Peg System",KET-DB18PS39,"Essex Truffle",81.2,1377,"Essex Truffle 18"" Drawer Base w/ Peg System",,,100,20
"Semi Custom","Base Cabinets","Essex Truffle 21"" Drawer Base w/ Peg System",KET-DB21PS39,"Essex Truffle",87.6,1435,"Essex Truffle 21"" Drawer Base w/ Peg System",,,100,20
"Semi Custom","Base Cabinets","Essex Truffle 24"" Drawer Base w/ Peg System",KET-DB24PS39,"Essex Truffle",93.2,1502,"Essex Truffle 24"" Drawer Base w/ Peg System",,,100,20
"Semi Custom","Base Cabinets","Essex Truffle 30"" Drawer Base w/ Peg System",KET-DB30PS39,"Essex Truffle",106,1678,"Essex Truffle 30"" Drawer Base w/ Peg System",,,100,20
"Semi Custom","Base Cabinets","Essex Truffle 36"" Drawer Base w/ Peg System",KET-DB36PS39,"Essex Truffle",117.9,1941,"Essex Truffle 36"" Drawer Base w/ Peg System",,,100,20
"Semi Custom","Base Cabinets","Essex Truffle 12"" Base w/ Glideware Pullout",KET-B12GDPO,"Essex Truffle",53.5,852,"Essex Truffle 12"" Base w/ Glideware Pullout",,,100,20
"Semi Custom","Base Cabinets","Essex Truffle 15"" Base w/ Glideware Pullout",KET-B15GDPO,"Essex Truffle",59,890,"Essex Truffle 15"" Base w/ Glideware Pullout",,,100,20
"Semi Custom","Base Cabinets","Essex Truffle 18"" Base w/ Glideware Pullout",KET-B18GDPO,"Essex Truffle",61.8,930,"Essex Truffle 18"" Base w/ Glideware Pullout",,,100,20
"Semi Custom","Base Cabinets","Essex Truffle 21"" Base w/ Glideware Pullout",KET-B21GDPO,"Essex Truffle",66.2,965,"Essex Truffle 21"" Base w/ Glideware Pullout",,,100,20
"Semi Custom","Base Cabinets","Essex Truffle 9"" Full Height Base w/ Tray Divider",KET-BF09TDIV,"Essex Truffle",29.4,399,"Essex Truffle 9"" Full Height Base w/ Tray Divider",,,100,20
"Semi Custom","Base Cabinets","Essex Truffle 12"" Base w/ Tray Divider",KET-B12TDIV,"Essex Truffle",42.5,564,"Essex Truffle 12"" Base w/ Tray Divider",,,100,20
"Semi Custom","Base Cabinets","Essex Truffle 15"" Base w/ Tray Divider",KET-B15TDIV,"Essex Truffle",48,602,"Essex Truffle 15"" Base w/ Tray Divider",,,100,20
"Semi Custom","Base Cabinets","Essex Truffle 18"" Base w/ Tray Divider",KET-B18TDIV,"Essex Truffle",50.8,642,"Essex Truffle 18"" Base w/ Tray Divider",,,100,20
"Semi Custom","Base Cabinets","Essex Truffle 21"" Base w/ Tray Divider",KET-B21TDIV,"Essex Truffle",55.2,677,"Essex Truffle 21"" Base w/ Tray Divider",,,100,20
"Semi Custom","Base Cabinets","Essex Truffle 18"" Base w/ Cutlery Tray & Soft-Close Rollouts",KET-B18CTRY-SCRT,"Essex Truffle",67.2,947,"Essex Truffle 18"" Base w/ Cutlery Tray & Soft-Close Rollouts",,,100,20
"Semi Custom","Base Cabinets","Essex Truffle 15"" Base w/ Cutlery Tray & Soft-Close Rollouts",KET-B15CTRY-SCRT,"Essex Truffle",63.6,891,"Essex Truffle 15"" Base w/ Cutlery Tray & Soft-Close Rollouts",,,100,20
"Semi Custom","Base Cabinets","Essex Truffle 15"" Base w/ Utensil Tray & Soft-Close Rollouts",KET-B15UTRY-SCRT,"Essex Truffle",64.6,963,"Essex Truffle 15"" Base w/ Utensil Tray & Soft-Close Rollouts",,,100,20
"Semi Custom","Base Cabinets","Essex Truffle 18"" Base w/ Utensil Tray & Soft-Close Rollouts",KET-B18UTRY-SCRT,"Essex Truffle",68.2,1019,"Essex Truffle 18"" Base w/ Utensil Tray & Soft-Close Rollouts",,,100,20
"Semi Custom","Base Cabinets","Essex Truffle 21"" Base w/ Utensil Tray & Soft-Close Rollouts",KET-B21UTRY-SCRT,"Essex Truffle",73,1072,"Essex Truffle 21"" Base w/ Utensil Tray & Soft-Close Rollouts",,,100,20
"Semi Custom","Base Cabinets","Essex Truffle 24"" Base w/ Utensil Tray & Soft-Close Rollouts",KET-B24BUTRY-SCRT,"Essex Truffle",79.3,1171,"Essex Truffle 24"" Base w/ Utensil Tray & Soft-Close Rollouts",,,100,20
"Semi Custom","Base Cabinets","Essex Truffle 27"" Base w/ Utensil Tray & Soft-Close Rollouts",KET-B27BUTRY-SCRT,"Essex Truffle",85.7,1227,"Essex Truffle 27"" Base w/ Utensil Tray & Soft-Close Rollouts",,,100,20
"Semi Custom","Base Cabinets","Essex Truffle 15"" Base w/ Spice Tray & Soft-Close Rollouts",KET-B15STRY-SCRT,"Essex Truffle",64.6,1008,"Essex Truffle 15"" Base w/ Spice Tray & Soft-Close Rollouts",,,100,20
"Semi Custom","Base Cabinets","Essex Truffle 18"" Base w/ Spice Tray & Soft-Close Rollouts",KET-B18STRY-SCRT,"Essex Truffle",68.2,1064,"Essex Truffle 18"" Base w/ Spice Tray & Soft-Close Rollouts",,,100,20
"Semi Custom","Base Cabinets","Essex Truffle 21"" Base w/ Spice Tray & Soft-Close Rollouts",KET-B21STRY-SCRT,"Essex Truffle",73,1117,"Essex Truffle 21"" Base w/ Spice Tray & Soft-Close Rollouts",,,100,20
"Semi Custom","Base Cabinets","Essex Truffle 18"" Base w/ Charging Drawer & Soft-Close Rollouts",KET-B18CHGDR18-SCRT,"Essex Truffle",80.2,2236,"Essex Truffle 18"" Base w/ Charging Drawer & Soft-Close Rollouts",,,100,20
"Semi Custom","Base Cabinets","Essex Truffle 18"" Base w/ Charging Drawer & Tray Divider",KET-B18CHGDR18-TDIV,"Essex Truffle",65.8,2056,"Essex Truffle 18"" Base w/ Charging Drawer & Tray Divider",,,100,20
"Semi Custom","Base Cabinets","Essex Truffle 18"" Base w/ Charging Drawer & Glideware Pullout",KET-B18CHGDR18-GDPO,"Essex Truffle",76.8,2344,"Essex Truffle 18"" Base w/ Charging Drawer & Glideware Pullout",,,100,20
"Semi Custom","Base Cabinets","Essex Truffle 18"" Base w/ Charging Drawer & Trash",KET-B18CHGDR18-TR,"Essex Truffle",74.8,2390,"Essex Truffle 18"" Base w/ Charging Drawer & Trash",,,100,20
"Semi Custom","Base Cabinets","Essex Truffle 18"" Base w/ Charging Drawer & Door Mounted Trash",KET-B18CHGDR18-TR-DMK,"Essex Truffle",75.8,2468,"Essex Truffle 18"" Base w/ Charging Drawer & Door Mounted Trash",,,100,20
"Semi Custom","Base Cabinets","Essex Truffle 18"" Base w/ Charging Drawer & Soft-Close Trash",KET-B18CHGDR18-SFTTR-DMK,"Essex Truffle",89.8,2899,"Essex Truffle 18"" Base w/ Charging Drawer & Soft-Close Trash",,,100,20
"Semi Custom","Base Cabinets","Essex Truffle 18"" Base w/ Two-Tier Cutlery Drawer & Soft-Close Rollouts",KET-B18TTCD-SCRT,"Essex Truffle",80.2,1340,"Essex Truffle 18"" Base w/ Two-Tier Cutlery Drawer & Soft-Close Rollouts",,,100,20
"Semi Custom","Base Cabinets","Essex Truffle 18"" Base w/ Two-Tier Cutlery Drawer & Tray Divider",KET-B18TTCD-TDIV,"Essex Truffle",55.8,1160,"Essex Truffle 18"" Base w/ Two-Tier Cutlery Drawer & Tray Divider",,,100,20
"Semi Custom","Base Cabinets","Essex Truffle 18"" Base w/ Two-Tier Cutlery Drawer & Glideware Pullout",KET-B18TTCD-GDPO,"Essex Truffle",66.8,1448,"Essex Truffle 18"" Base w/ Two-Tier Cutlery Drawer & Glideware Pullout",,,100,20
"Semi Custom","Base Cabinets","Essex Truffle 18"" Base w/ Cutlery Tray & Tray Divider",KET-B18CTRY-TDIV,"Essex Truffle",52.8,767,"Essex Truffle 18"" Base w/ Cutlery Tray & Tray Divider",,,100,20
"Semi Custom","Base Cabinets","Essex Truffle 15"" Base w/ Cutlery Tray & Tray Divider",KET-B15CTRY-TDIV,"Essex Truffle",50,727,"Essex Truffle 15"" Base w/ Cutlery Tray & Tray Divider",,,100,20
"Semi Custom","Base Cabinets","Essex Truffle 12"" Base w/ Cutlery Tray & Tray Divider",KET-B12CTRY-TDIV,"Essex Truffle",44.5,689,"Essex Truffle 12"" Base w/ Cutlery Tray & Tray Divider",,,100,20
"Semi Custom","Base Cabinets","Essex Truffle 12"" Base w/ Utensil Tray & Tray Divider",KET-B12UTRY-TDIV,"Essex Truffle",45.5,761,"Essex Truffle 12"" Base w/ Utensil Tray & Tray Divider",,,100,20
"Semi Custom","Base Cabinets","Essex Truffle 15"" Base w/ Utensil Tray & Tray Divider",KET-B15UTRY-TDIV,"Essex Truffle",51,799,"Essex Truffle 15"" Base w/ Utensil Tray & Tray Divider",,,100,20
"Semi Custom","Base Cabinets","Essex Truffle 18"" Base w/ Utensil Tray & Tray Divider",KET-B18UTRY-TDIV,"Essex Truffle",53.8,839,"Essex Truffle 18"" Base w/ Utensil Tray & Tray Divider",,,100,20
"Semi Custom","Base Cabinets","Essex Truffle 21"" Base w/ Utensil Tray & Tray Divider",KET-B21UTRY-TDIV,"Essex Truffle",58.2,874,"Essex Truffle 21"" Base w/ Utensil Tray & Tray Divider",,,100,20
"Semi Custom","Base Cabinets","Essex Truffle 12"" Base w/ Spice Tray & Tray Divider",KET-B12STRY-TDIV,"Essex Truffle",58.2,806,"Essex Truffle 12"" Base w/ Spice Tray & Tray Divider",,,100,20
"Semi Custom","Base Cabinets","Essex Truffle 15"" Base w/ Spice Tray & Tray Divider",KET-B15STRY-TDIV,"Essex Truffle",51,844,"Essex Truffle 15"" Base w/ Spice Tray & Tray Divider",,,100,20
"Semi Custom","Base Cabinets","Essex Truffle 18"" Base w/ Spice Tray & Tray Divider",KET-B18STRY-TDIV,"Essex Truffle",53.8,864,"Essex Truffle 18"" Base w/ Spice Tray & Tray Divider",,,100,20
"Semi Custom","Base Cabinets","Essex Truffle 21"" Base w/ Spice Tray & Tray Divider",KET-B21STRY-TDIV,"Essex Truffle",58.2,919,"Essex Truffle 21"" Base w/ Spice Tray & Tray Divider",,,100,20
"Semi Custom","Base Cabinets","Essex Truffle 18"" Base w/ Cutlery Tray & Glideware Pullout",KET-B18CTRY-GDPO,"Essex Truffle",63.8,1055,"Essex Truffle 18"" Base w/ Cutlery Tray & Glideware Pullout",,,100,20
"Semi Custom","Base Cabinets","Essex Truffle 15"" Base w/ Cutlery Tray & Glideware Pullout",KET-B15CTRY-GDPO,"Essex Truffle",61,1015,"Essex Truffle 15"" Base w/ Cutlery Tray & Glideware Pullout",,,100,20
"Semi Custom","Base Cabinets","Essex Truffle 12"" Base w/ Cutlery Tray & Glideware Pullout",KET-B12CTRY-GDPO,"Essex Truffle",55.5,977,"Essex Truffle 12"" Base w/ Cutlery Tray & Glideware Pullout",,,100,20
"Semi Custom","Base Cabinets","Essex Truffle 12"" Base w/ Utensil Tray & Glideware Pullout",KET-B12UTRY-GDPO,"Essex Truffle",56.5,1049,"Essex Truffle 12"" Base w/ Utensil Tray & Glideware Pullout",,,100,20
"Semi Custom","Base Cabinets","Essex Truffle 15"" Base w/ Utensil Tray & Glideware Pullout",KET-B15UTRY-GDPO,"Essex Truffle",62,1087,"Essex Truffle 15"" Base w/ Utensil Tray & Glideware Pullout",,,100,20
"Semi Custom","Base Cabinets","Essex Truffle 18"" Base w/ Utensil Tray & Glideware Pullout",KET-B18UTRY-GDPO,"Essex Truffle",64.8,1127,"Essex Truffle 18"" Base w/ Utensil Tray & Glideware Pullout",,,100,20
"Semi Custom","Base Cabinets","Essex Truffle 21"" Base w/ Utensil Tray & Glideware Pullout",KET-B21UTRY-GDPO,"Essex Truffle",69.2,1162,"Essex Truffle 21"" Base w/ Utensil Tray & Glideware Pullout",,,100,20
"Semi Custom","Base Cabinets","Essex Truffle 12"" Base w/ Spice Tray & Glideware Pullout",KET-B12STRY-GDPO,"Essex Truffle",55.5,1094,"Essex Truffle 12"" Base w/ Spice Tray & Glideware Pullout",,,100,20
"Semi Custom","Base Cabinets","Essex Truffle 15"" Base w/ Spice Tray & Glideware Pullout",KET-B15STRY-GDPO,"Essex Truffle",61,1132,"Essex Truffle 15"" Base w/ Spice Tray & Glideware Pullout",,,100,20
"Semi Custom","Base Cabinets","Essex Truffle 18"" Base w/ Spice Tray & Glideware Pullout",KET-B18STRY-GDPO,"Essex Truffle",63.8,1172,"Essex Truffle 18"" Base w/ Spice Tray & Glideware Pullout",,,100,20
"Semi Custom","Base Cabinets","Essex Truffle 21"" Base w/ Spice Tray & Glideware Pullout",KET-B21STRY-GDPO,"Essex Truffle",68.2,1162,"Essex Truffle 21"" Base w/ Spice Tray & Glideware Pullout",,,100,20
"Semi Custom","Base Cabinets","Essex Truffle 18"" Base w/ Two-Tier Cutlery Drawer & Door Mounted Trash",KET-B18TTCD-TR-DMK,"Essex Truffle",70.8,1572,"Essex Truffle 18"" Base w/ Two-Tier Cutlery Drawer & Door Mounted Trash",,,100,20
"Semi Custom","Base Cabinets","Essex Truffle 18"" Base w/ Two-Tier Cutlery Drawer & Trash",KET-B18TTCD-TR,"Essex Truffle",68.8,1494,"Essex Truffle 18"" Base w/ Two-Tier Cutlery Drawer & Trash",,,100,20
"Semi Custom","Base Cabinets","Essex Truffle 18"" Base w/ Two-Tier Cutlery Drawer & Soft-Close Trash",KET-B18TTCD-SFTTR-DMK,"Essex Truffle",82.8,2003,"Essex Truffle 18"" Base w/ Two-Tier Cutlery Drawer & Soft-Close Trash",,,100,20
"Semi Custom","Base Cabinets","Essex Truffle 18"" Base w/ Cutlery Tray & Trash",KET-B18CTRY-TR,"Essex Truffle",61.8,1101,"Essex Truffle 18"" Base w/ Cutlery Tray & Trash",,,100,20
"Semi Custom","Base Cabinets","Essex Truffle 18"" Base w/ Cutlery Tray & Door Mounted Trash",KET-B18CTRY-TR-DMK,"Essex Truffle",63.8,1179,"Essex Truffle 18"" Base w/ Cutlery Tray & Door Mounted Trash",,,100,20
"Semi Custom","Base Cabinets","Essex Truffle 18"" Base w/ Cutlery Tray & Soft-Close Trash",KET-B18CTRY-SFTTR-DMK,"Essex Truffle",75.8,1610,"Essex Truffle 18"" Base w/ Cutlery Tray & Soft-Close Trash",,,100,20
"Semi Custom","Base Cabinets","Essex Truffle 18"" Base w/ Utensil Tray & Trash",KET-B18UTRY-TR,"Essex Truffle",62.8,1173,"Essex Truffle 18"" Base w/ Utensil Tray & Trash",,,100,20
"Semi Custom","Base Cabinets","Essex Truffle 18"" Base w/ Utensil Tray & Door Mounted Trash",KET-B18UTRY-TR-DMK,"Essex Truffle",64.8,1251,"Essex Truffle 18"" Base w/ Utensil Tray & Door Mounted Trash",,,100,20
"Semi Custom","Base Cabinets","Essex Truffle 18"" Base w/ Utensil Tray & Soft-Close Trash",KET-B18UTRY-SFTTR-DMK,"Essex Truffle",76.8,1682,"Essex Truffle 18"" Base w/ Utensil Tray & Soft-Close Trash",,,100,20
"Semi Custom","Base Cabinets","Essex Truffle 18"" Base w/ Spice Tray & Trash",KET-B18STRY-TR,"Essex Truffle",61.8,1218,"Essex Truffle 18"" Base w/ Spice Tray & Trash",,,100,20
"Semi Custom","Base Cabinets","Essex Truffle 18"" Base w/ Spice Tray & Door Mounted Trash",KET-B18STRY-TR-DMK,"Essex Truffle",63.8,1296,"Essex Truffle 18"" Base w/ Spice Tray & Door Mounted Trash",,,100,20
"Semi Custom","Base Cabinets","Essex Truffle 18"" Base w/ Spice Tray & Soft-Close Trash",KET-B18STRY-SFTTR-DMK,"Essex Truffle",75.8,1727,"Essex Truffle 18"" Base w/ Spice Tray & Soft-Close Trash",,,100,20
"Semi Custom","Base Cabinets","Essex Truffle 15"" Base w/ Cutlery Tray & Soft-Close Trash",KET-B15CTRY-SFTTR-DMK,"Essex Truffle",75,1539,"Essex Truffle 15"" Base w/ Cutlery Tray & Soft-Close Trash",,,100,20
"Semi Custom","Base Cabinets","Essex Truffle 15"" Base w/ Utensil Tray & Soft-Close Trash",KET-B15UTRY-SFTTR-DMK,"Essex Truffle",76,1611,"Essex Truffle 15"" Base w/ Utensil Tray & Soft-Close Trash",,,100,20
"Semi Custom","Base Cabinets","Essex Truffle 15"" Base w/ Spice Tray & Soft-Close Trash",KET-B15STRY-SFTTR-DMK,"Essex Truffle",75,1656,"Essex Truffle 15"" Base w/ Spice Tray & Soft-Close Trash",,,100,20
"Semi Custom","Base Cabinets","Essex Truffle 12"" Drawer Base w/ Utensil Tray & Peg System",KET-DB12UTRY-PS39,"Essex Truffle",68.1,1503,"Essex Truffle 12"" Drawer Base w/ Utensil Tray & Peg System",,,100,20
"Semi Custom","Base Cabinets","Essex Truffle 15"" Drawer Base w/ Utensil Tray & Peg System",KET-DB15UTRY-PS39,"Essex Truffle",76.4,1527,"Essex Truffle 15"" Drawer Base w/ Utensil Tray & Peg System",,,100,20
"Semi Custom","Base Cabinets","Essex Truffle 18"" Drawer Base w/ Utensil Tray & Peg System",KET-DB18UTRY-PS39,"Essex Truffle",81.2,1574,"Essex Truffle 18"" Drawer Base w/ Utensil Tray & Peg System",,,100,20
"Semi Custom","Base Cabinets","Essex Truffle 21"" Drawer Base w/ Utensil Tray & Peg System",KET-DB21UTRY-PS39,"Essex Truffle",87.6,1632,"Essex Truffle 21"" Drawer Base w/ Utensil Tray & Peg System",,,100,20
"Semi Custom","Base Cabinets","Essex Truffle 24"" Drawer Base w/ Utensil Tray & Peg System",KET-DB24UTRY-PS39,"Essex Truffle",93.2,1699,"Essex Truffle 24"" Drawer Base w/ Utensil Tray & Peg System",,,100,20
"Semi Custom","Base Cabinets","Essex Truffle 18"" Drawer Base w/ Cutlery Tray & Peg System",KET-DB18CTRY-PS39,"Essex Truffle",83.2,1502,"Essex Truffle 18"" Drawer Base w/ Cutlery Tray & Peg System",,,100,20
"Semi Custom","Base Cabinets","Essex Truffle 15"" Drawer Base w/ Cutlery Tray & Peg System",KET-DB15CTRY-PS39,"Essex Truffle",78.4,1455,"Essex Truffle 15"" Drawer Base w/ Cutlery Tray & Peg System",,,100,20
"Semi Custom","Base Cabinets","Essex Truffle 12"" Drawer Base w/ Cutlery Tray & Peg System",KET-DB12CTRY-PS39,"Essex Truffle",70.1,1431,"Essex Truffle 12"" Drawer Base w/ Cutlery Tray & Peg System",,,100,20
"Semi Custom","Base Cabinets","Essex Truffle 12"" Drawer Base w/ Spice Tray",KET-DB12STRY,"Essex Truffle",67.1,1156,"Essex Truffle 12"" Drawer Base w/ Spice Tray",,,100,20
"Semi Custom","Base Cabinets","Essex Truffle 15"" Drawer Base w/ Spice Tray",KET-DB15STRY,"Essex Truffle",75.4,1180,"Essex Truffle 15"" Drawer Base w/ Spice Tray",,,100,20
"Semi Custom","Base Cabinets","Essex Truffle 18"" Drawer Base w/ Spice Tray",KET-DB18STRY,"Essex Truffle",80.2,1227,"Essex Truffle 18"" Drawer Base w/ Spice Tray",,,100,20
"Semi Custom","Base Cabinets","Essex Truffle 21"" Drawer Base w/ Spice Tray",KET-DB21STRY,"Essex Truffle",86.6,1285,"Essex Truffle 21"" Drawer Base w/ Spice Tray",,,100,20
"Semi Custom","Base Cabinets","Essex Truffle 12"" Drawer Base w/ Spice Tray & Peg System",KET-DB12STRY-PS39,"Essex Truffle",70.1,1548,"Essex Truffle 12"" Drawer Base w/ Spice Tray & Peg System",,,100,20
"Semi Custom","Base Cabinets","Essex Truffle 15"" Drawer Base w/ Spice Tray & Peg System",KET-DB15STRY-PS39,"Essex Truffle",78.4,1572,"Essex Truffle 15"" Drawer Base w/ Spice Tray & Peg System",,,100,20
"Semi Custom","Base Cabinets","Essex Truffle 18"" Drawer Base w/ Spice Tray & Peg System",KET-DB18STRY-PS39,"Essex Truffle",83.2,1619,"Essex Truffle 18"" Drawer Base w/ Spice Tray & Peg System",,,100,20
"Semi Custom","Base Cabinets","Essex Truffle 21"" Drawer Base w/ Spice Tray & Peg System",KET-DB21STRY-PS39,"Essex Truffle",89.6,1677,"Essex Truffle 21"" Drawer Base w/ Spice Tray & Peg System",,,100,20
"Semi Custom","Base Cabinets","Essex Truffle 30"" Microwave Base w/ Peg System",KET-MB30PS39,"Essex Truffle",65.8,1212,"Essex Truffle 30"" Microwave Base w/ Peg System",,,100,20
"Semi Custom","Base Cabinets","Essex Truffle 30"" 2 Drawer Base w/ Peg System",KET-2DB30PS39,"Essex Truffle",91.6,1507,"Essex Truffle 30"" 2 Drawer Base w/ Peg System",,,100,20
"Semi Custom","Base Cabinets","Essex Truffle 36"" 2 Drawer Base w/ Peg System",KET-2DB36PS39,"Essex Truffle",96.7,1688,"Essex Truffle 36"" 2 Drawer Base w/ Peg System",,,100,20
"Semi Custom","Base Cabinets","Essex Truffle 36"" Lazy Susan Base",KET-LS36,"Essex Truffle",81.4,1084,"Essex Truffle 36"" Lazy Susan Base",,,100,28
"Semi Custom","Base Cabinets","Essex Truffle 36"" Lazy Susan Base w/ Bottom Drawer",KET-LS36DRBM,"Essex Truffle",107.4,2227,"Essex Truffle 36"" Lazy Susan Base w/ Bottom Drawer",,,100,28
"Semi Custom","Base Cabinets","Essex Truffle 36"" Lazy Susan Base w/ Top Drawer",KET-LS36DRTP,"Essex Truffle",107.4,2227,"Essex Truffle 36"" Lazy Susan Base w/ Top Drawer",,,100,28
"Semi Custom","Base Cabinets","Essex Truffle 36"" Lazy Susan Base w/ Top & Bottom Drawers",KET-LS36DRBH,"Essex Truffle",133.4,3370,"Essex Truffle 36"" Lazy Susan Base w/ Top & Bottom Drawers",,,100,28
"Semi Custom","Base Cabinets","Essex Truffle 33"" Lazy Susan Base",KET-LS33,"Essex Truffle",75,1018,"Essex Truffle 33"" Lazy Susan Base",,,100,28
"Semi Custom",Accessories,"Essex Truffle 36""x 15"" Plate Rack",KET-W3615PL,"Essex Truffle",23.4,467,"Essex Truffle 36""x 15"" Plate Rack",,,100,
"Semi Custom",Accessories,"Essex Truffle 30""x 15"" Wine Rack",KET-WR3015,"Essex Truffle",21.6,493,"Essex Truffle 30""x 15"" Wine Rack",,,100,
"Semi Custom",Accessories,"Essex Truffle 18""x 18"" Wine Rack",KET-WR1818,"Essex Truffle",18.6,572,"Essex Truffle 18""x 18"" Wine Rack",,,100,
"Semi Custom",Accessories,"Essex Truffle 30"" Glass Holder",KET-WR30GH,"Essex Truffle",6,152,"Essex Truffle 30"" Glass Holder",,,100,
"Semi Custom",Panels,"Essex Truffle 12"" Wall Decorative Panel",KET-WDEC12,"Essex Truffle",5.3,93,"Essex Truffle 12"" Wall Decorative Panel",,,100,
"Semi Custom",Panels,"Essex Truffle 15"" Wall Decorative Panel",KET-WDEC15,"Essex Truffle",6.1,112,"Essex Truffle 15"" Wall Decorative Panel",,,100,
"Semi Custom",Panels,"Essex Truffle 18"" Wall Decorative Panel",KET-WDEC18,"Essex Truffle",8.2,131,"Essex Truffle 18"" Wall Decorative Panel",,,100,
"Semi Custom",Panels,"Essex Truffle 30"" Wall Decorative Panel",KET-WDEC30,"Essex Truffle",10.4,150,"Essex Truffle 30"" Wall Decorative Panel",,,100,
"Semi Custom",Panels,"Essex Truffle 36"" Wall Decorative Panel",KET-WDEC36,"Essex Truffle",12.1,186,"Essex Truffle 36"" Wall Decorative Panel",,,100,
"Semi Custom",Panels,"Essex Truffle 42"" Wall Decorative Panel",KET-WDEC42,"Essex Truffle",13.7,210,"Essex Truffle 42"" Wall Decorative Panel",,,100,
"Semi Custom",Panels,"Essex Truffle Base Decorative Panel",KET-BDEC,"Essex Truffle",8.7,282,"Essex Truffle Base Decorative Panel",,,100,
"Semi Custom",Panels,"Essex Truffle 84"" Pantry Decorative Panel",KET-WPDEC84,"Essex Truffle",23.6,791,"Essex Truffle 84"" Pantry Decorative Panel",,,100,
"Semi Custom",Panels,"Essex Truffle 90"" Pantry Decorative Panel",KET-WPDEC90,"Essex Truffle",29.8,847,"Essex Truffle 90"" Pantry Decorative Panel",,,100,
"Semi Custom",Panels,"Essex Truffle 96"" Pantry Decorative Panel",KET-WPDEC96,"Essex Truffle",24.7,907,"Essex Truffle 96"" Pantry Decorative Panel",,,100,
"Semi Custom",Panels,"Essex Truffle 3"" Stile Dishwasher Panel",KET-DWR3,"Essex Truffle",10.2,145,"Essex Truffle 3"" Stile Dishwasher Panel",,,100,
"Semi Custom",Panels,"Essex Truffle 3"" Fluted Stile Dishwasher Panel",KET-DWR3F,"Essex Truffle",10.2,157,"Essex Truffle 3"" Fluted Stile Dishwasher Panel",,,100,
"Semi Custom","Wall Cabinets","Essex Truffle 42"" Wall Skin",KET-W42SKIN,"Essex Truffle",2.2,82,"Essex Truffle 42"" Wall Skin",,,100,
"Semi Custom","Wall Cabinets","Essex Truffle 60"" Wall Skin",KET-W60SKIN,"Essex Truffle",3.2,139,"Essex Truffle 60"" Wall Skin",,,100,
"Semi Custom","Base Cabinets","Essex Truffle Base Skin",KET-BSKIN,"Essex Truffle",3.7,139,"Essex Truffle Base Skin",,,100,
"Semi Custom",Fillers,"Essex Truffle 3""x30"" Wall Filler",KET-WF330,"Essex Truffle",1.7,44,"Essex Truffle 3""x30"" Wall Filler",,,100,
"Semi Custom",Fillers,"Essex Truffle 6""x30"" Wall Filler",KET-WF630,"Essex Truffle",3.5,74,"Essex Truffle 6""x30"" Wall Filler",,,100,
"Semi Custom",Fillers,"Essex Truffle 3""x42"" Wall Filler",KET-WF342,"Essex Truffle",2.4,61,"Essex Truffle 3""x42"" Wall Filler",,,100,
"Semi Custom",Fillers,"Essex Truffle 6""x42"" Wall Filler",KET-WF642,"Essex Truffle",9.6,132,"Essex Truffle 6""x42"" Wall Filler",,,100,
"Semi Custom",Fillers,"Essex Truffle 3""x30"" Fluted Wall Filler",KET-WF330F,"Essex Truffle",1.9,49,"Essex Truffle 3""x30"" Fluted Wall Filler",,,100,
"Semi Custom",Fillers,"Essex Truffle 3""x36"" Fluted Wall Filler",KET-WF336F,"Essex Truffle",2.1,64,"Essex Truffle 3""x36"" Fluted Wall Filler",,,100,
"Semi Custom",Fillers,"Essex Truffle 6""x30"" Fluted Wall Filler",KET-WF630F,"Essex Truffle",3.3,82,"Essex Truffle 6""x30"" Fluted Wall Filler",,,100,
"Semi Custom",Fillers,"Essex Truffle 3""x42"" Fluted Wall Filler",KET-WF342F,"Essex Truffle",2.3,70,"Essex Truffle 3""x42"" Fluted Wall Filler",,,100,
"Semi Custom",Fillers,"Essex Truffle 1 1/2""x96"" Tall Filler",KET-TF1.5x96,"Essex Truffle",5,107,"Essex Truffle 1 1/2""x96"" Tall Filler",,,100,
"Semi Custom",Fillers,"Essex Truffle 3""x96"" Tall Filler",KET-TF396,"Essex Truffle",5.5,125,"Essex Truffle 3""x96"" Tall Filler",,,100,
"Semi Custom",Fillers,"Essex Truffle 6""x96"" Tall Filler",KET-TF696,"Essex Truffle",11,304,"Essex Truffle 6""x96"" Tall Filler",,,100,
"Semi Custom",Fillers,"Essex Truffle 3""x30"" Fluted Angle Wall Filler",KET-AF330F,"Essex Truffle",2.4,59,"Essex Truffle 3""x30"" Fluted Angle Wall Filler",,,100,
"Semi Custom",Fillers,"Essex Truffle 3""x36"" Fluted Angle Wall Filler",KET-AF336F,"Essex Truffle",2.9,72,"Essex Truffle 3""x36"" Fluted Angle Wall Filler",,,100,
"Semi Custom",Fillers,"Essex Truffle 3""x42"" Fluted Angle Wall Filler",KET-AF342F,"Essex Truffle",3.3,85,"Essex Truffle 3""x42"" Fluted Angle Wall Filler",,,100,
"Semi Custom",Accessories,"Essex Truffle 36"" Valance",KET-VAL36,"Essex Truffle",2.8,78,"Essex Truffle 36"" Valance",,,100,
"Semi Custom",Accessories,"Essex Truffle 42"" Valance",KET-VAL48,"Essex Truffle",3.3,103,"Essex Truffle 42"" Valance",,,100,
"Semi Custom",Accessories,"Essex Truffle Corbel",KET-CB,"Essex Truffle",2.2,122,"Essex Truffle Corbel",,,100,
"Semi Custom",Accessories,"Essex Truffle Bun Foot",KET-BF,"Essex Truffle",1,53,"Essex Truffle Bun Foot",,,100,
"Semi Custom",Accessories,"Essex Truffle Tapered Foot",KET-TF,"Essex Truffle",1,23,"Essex Truffle Tapered Foot",,,100,
"Semi Custom",Accessories,"Essex Truffle Touch Up Kit",KET-TUK,"Essex Truffle",1,50,"Essex Truffle Touch Up Kit",,,100,
"Semi Custom",Accessories,"Essex Truffle Spray Can",KET-SPRAYCAN,"Essex Truffle",1,64,"Essex Truffle Spray Can",,,100,
"Semi Custom",Accessories,"Essex Truffle 12""x10""x2 1/2"" Floating Shelf",KET-FS12,"Essex Truffle",7,270,"Essex Truffle 12""x10""x2 1/2"" Floating Shelf",,,100,0
"Semi Custom",Accessories,"Essex Truffle 18""x10""x2 1/2"" Floating Shelf",KET-FS18,"Essex Truffle",9,299,"Essex Truffle 18""x10""x2 1/2"" Floating Shelf",,,100,0
"Semi Custom",Accessories,"Essex Truffle 21""x10""x2 1/2"" Floating Shelf",KET-FS21,"Essex Truffle",12,332,"Essex Truffle 21""x10""x2 1/2"" Floating Shelf",,,100,0
"Semi Custom",Accessories,"Essex Truffle 24""x10""x2 1/2"" Floating Shelf",KET-FS24,"Essex Truffle",14,361,"Essex Truffle 24""x10""x2 1/2"" Floating Shelf",,,100,0
"Semi Custom",Accessories,"Essex Truffle 30""x10""x2 1/2"" Floating Shelf",KET-FS30,"Essex Truffle",16,398,"Essex Truffle 30""x10""x2 1/2"" Floating Shelf",,,100,0
"Semi Custom",Accessories,"Essex Truffle 36""x10""x2 1/2"" Floating Shelf",KET-FS36,"Essex Truffle",18,467,"Essex Truffle 36""x10""x2 1/2"" Floating Shelf",,,100,0
"Semi Custom",Accessories,"Essex Truffle 30""x42"" T Hood",KET-T3042,"Essex Truffle",120,3274,"Essex Truffle 30""x42"" T Hood",,,100,0
"Semi Custom",Accessories,"Essex Truffle 36""x42"" T Hood",KET-T3642,"Essex Truffle",125,3379,"Essex Truffle 36""x42"" T Hood",,,100,0
"Semi Custom",Accessories,"Essex Truffle 30""x42"" VCHIM Hood",KET-VCHIM3042,"Essex Truffle",120,2808,"Essex Truffle 30""x42"" VCHIM Hood",,,100,0
"Semi Custom",Accessories,"Essex Truffle 36""x42"" VCHIM Hood",KET-VCHIM3642,"Essex Truffle",125,3001,"Essex Truffle 36""x42"" VCHIM Hood",,,100,0
"Semi Custom",Accessories,"Essex Truffle 30""x42"" VRS Hood",KET-VRS3042,"Essex Truffle",120,2945,"Essex Truffle 30""x42"" VRS Hood",,,100,0
"Semi Custom",Accessories,"Essex Truffle 36""x42"" VRS Hood",KET-VRS3642,"Essex Truffle",125,3098,"Essex Truffle 36""x42"" VRS Hood",,,100,0
"Semi Custom","Samples Doors","Truffle Sample Door",KDC-SD,"Essex Truffle",2.6,54,"Truffle Sample Door",,,100,
"Semi Custom","Samples Doors","Essex Truffle Sample Door w/ Drawerhead",KET-SDDR,"Essex Truffle",6,106,"Essex Truffle Sample Door w/ Drawerhead",,,100,
"Semi Custom",Accessories,"Essex Truffle 36"" Corner Sink Front",KET-CSF36,"Essex Truffle",8,272,"Essex Truffle 36"" Corner Sink Front",,,100,
"Semi Custom",Accessories,"15"" Soft-Close Rollout",KET-SCRT15,"Essex Truffle",6.5,95,"15"" Soft-Close Rollout",,,100,
"Semi Custom",Accessories,"18"" Soft-Close Rollout",KET-SCRT18,"Essex Truffle",7.5,103,"18"" Soft-Close Rollout",,,100,
"Semi Custom",Accessories,"21"" Soft-Close Rollout",KET-SCRT21,"Essex Truffle",8.5,112,"21"" Soft-Close Rollout",,,100,
"Semi Custom",Accessories,"24"" Soft-Close Rollout",KET-SCRT24,"Essex Truffle",9.5,120,"24"" Soft-Close Rollout",,,100,
"Semi Custom",Accessories,"27"" Soft-Close Rollout",KET-SCRT27,"Essex Truffle",9.5,128,"27"" Soft-Close Rollout",,,100,
"Semi Custom",Accessories,"30"" Soft-Close Rollout",KET-SCRT30,"Essex Truffle",9.5,137,"30"" Soft-Close Rollout",,,100,
"Semi Custom",Accessories,"1x 25"" Tilt Out Tray for SB30B",KET-SB30TILT,"Essex Truffle",1.35,105,"1x 25"" Tilt Out Tray for SB30B",,,100,
"Semi Custom",Accessories,"1x 11 1/4"" Tilt Out Tray for SB33, DSB36, CSF36",KET-SB33TILT,"Essex Truffle",1.35,66,"1x 11 1/4"" Tilt Out Tray for SB33, DSB36, CSF36",,,100,
"Semi Custom",Accessories,"1x 13"" Tilt Out Tray for SB36",KET-SB36TILT,"Essex Truffle",1.35,72,"1x 13"" Tilt Out Tray for SB36",,,100,
"Semi Custom",Accessories,"Lazy Susan Tray w/ Drawer",KET-LSDR,"Essex Truffle",26,1143,"Lazy Susan Tray w/ Drawer",,,100,
"Semi Custom",Accessories,"Cutlery Tray",KET-CUTTRAY,"Essex Truffle",6,125,"Cutlery Tray",,,100,
"Semi Custom",Accessories,"Peg System",KET-PS39,"Essex Truffle",10,392,"Peg System",,,100,
"Semi Custom",Accessories,"Utensil Tray",KET-UTLTRAY,"Essex Truffle",4,197,"Utensil Tray",,,100,
"Semi Custom",Accessories,"Spice Tray",KET-SPICETRAY,"Essex Truffle",4,242,"Spice Tray",,,100,
"Semi Custom",Accessories,"18"" Charging Drawer",KET-CHGDR18,"Essex Truffle",15,1414,"18"" Charging Drawer",,,100,
"Semi Custom",Accessories,"18"" Two-Tier Cutlery Drawer",KET-TTCD18,"Essex Truffle",15,518,"18"" Two-Tier Cutlery Drawer",,,100,
"Semi Custom",Accessories,"Glideware Pullout",KET-GLDPULL,"Essex Truffle",12,314,"Glideware Pullout",,,100,
"Semi Custom",Accessories,"Tray Divider",KET-TRAYDIV,"Essex Truffle",2,26,"Tray Divider",,,100,
"Semi Custom",Accessories,"18"" Trash Pullout",KET-TRASHPO18,"Essex Truffle",14,360,"18"" Trash Pullout",,,100,
"Semi Custom",Accessories,"Door Mount Kit for Trash Pullout",KET-TRASHDMK,"Essex Truffle",2,78,"Door Mount Kit for Trash Pullout",,,100,
"Semi Custom",Accessories,"15"" Soft-Close Trash Pullout",KET-SFTTRASHPO15,"Essex Truffle",26,838,"15"" Soft-Close Trash Pullout",,,100,
"Semi Custom",Accessories,"18"" Soft-Close Trash Pullout",KET-SFTTRASHPO18,"Essex Truffle",31,869,"18"" Soft-Close Trash Pullout",,,100,
"Semi Custom",Accessories,"Appliance Pullout",KET-APPPULL,"Essex Truffle",25,1371,"Appliance Pullout",,,100,
"Semi Custom",Fillers,"3"" Wall Filler Pullout (Filler Sold Separately)",KET-WF3PULL,"Essex Truffle",21,360,"3"" Wall Filler Pullout (Filler Sold Separately)",,,100,
"Semi Custom",Fillers,"3""x30"" Wall Filler Soft-Close Pullout (Filler Sold Separately)",KET-SFTWF330PULL,"Essex Truffle",12,508,"3""x30"" Wall Filler Soft-Close Pullout (Filler Sold Separately)",,,100,
"Semi Custom",Fillers,"3""x36"" Wall Filler Soft-Close Pullout (Filler Sold Separately)",KET-SFTWF336PULL,"Essex Truffle",15,567,"3""x36"" Wall Filler Soft-Close Pullout (Filler Sold Separately)",,,100,
"Semi Custom",Fillers,"3""x42"" Wall Filler Soft-Close Pullout (Filler Sold Separately)",KET-SFTWF342PULL,"Essex Truffle",17,595,"3""x42"" Wall Filler Soft-Close Pullout (Filler Sold Separately)",,,100,
"Semi Custom",Fillers,"6""x30"" Wall Filler Soft-Close Pullout (Filler Sold Separately)",KET-SFTWF630PULL,"Essex Truffle",18,634,"6""x30"" Wall Filler Soft-Close Pullout (Filler Sold Separately)",,,100,
"Semi Custom",Fillers,"6""x36"" Wall Filler Soft-Close Pullout (Filler Sold Separately)",KET-SFTWF636PULL,"Essex Truffle",20,681,"6""x36"" Wall Filler Soft-Close Pullout (Filler Sold Separately)",,,100,
"Semi Custom",Fillers,"6""x42"" Wall Filler Soft-Close Pullout (Filler Sold Separately)",KET-SFTWF642PULL,"Essex Truffle",21,711,"6""x42"" Wall Filler Soft-Close Pullout (Filler Sold Separately)",,,100,
"Semi Custom",Fillers,"6"" Base Filler Pullout (Filler Sold Separately)",KET-BF3PULL,"Essex Truffle",21,391,"6"" Base Filler Pullout (Filler Sold Separately)",,,100,
"Semi Custom",Fillers,"3"" Base Filler Soft-Close Pullout (Filler Sold Separately)",KET-SFTBF3PULL,"Essex Truffle",18,681,"3"" Base Filler Soft-Close Pullout (Filler Sold Separately)",,,100,
"Semi Custom",Fillers,"6"" Base Filler Soft-Close Pullout (Filler Sold Separately)",KET-SFTBF6PULL,"Essex Truffle",31,813,"6"" Base Filler Soft-Close Pullout (Filler Sold Separately)",,,100,
"Semi Custom","Base Cabinets","9"" Full-Height Base Pullout",KET-BF09PULL,"Essex Truffle",24.7,424,"9"" Full-Height Base Pullout",,,100,
"Semi Custom","Base Cabinets","9"" Full-Height Base Tray Pullout",KET-TRAYDIVPO,"Essex Truffle",24,740,"9"" Full-Height Base Tray Pullout",,,100,
"Semi Custom",Accessories,"18"" Pantry Pullout",KET-WP18PULL,"Essex Truffle",14,2975,"18"" Pantry Pullout",,,100,
